target_id	length	eff_length	est_counts	tpm
NODE_1_length_2165_cov_5.655253	2165	2033.96	349	1418.87
NODE_2_length_1770_cov_5.147956	1770	1638.96	283	1427.83
NODE_3_length_1655_cov_2.620838	1655	1523.96	126	683.686
NODE_4_length_1623_cov_2.693711	1623	1491.96	125	692.808
NODE_5_length_1452_cov_10.622974	1452	1320.96	436	2729.33
NODE_6_length_1231_cov_2.346411	1231	1099.96	82	616.448
NODE_7_length_1194_cov_1.978467	1194	1062.96	66	513.436
NODE_8_length_1162_cov_3.244464	1162	1030.96	107	858.225
NODE_9_length_1159_cov_2.329485	1159	1027.96	84	675.713
NODE_10_length_1052_cov_3.455348	1052	920.963	99	888.902
NODE_11_length_1051_cov_11.930255	1051	919.963	350	3146
NODE_12_length_1006_cov_2.905447	1006	874.963	81	765.519
NODE_13_length_1000_cov_3.957601	1000	868.963	110	1046.77
NODE_14_length_995_cov_3.329522	995	863.963	92	880.549
NODE_15_length_983_cov_2.010526	983	851.963	55	533.83
NODE_16_length_964_cov_7.210526	964	832.963	191	1896.13
NODE_17_length_964_cov_3.582170	964	832.963	97	962.956
NODE_18_length_958_cov_3.624865	958	826.963	94	939.945
NODE_19_length_940_cov_6.318633	940	808.963	176	1799.06
NODE_20_length_938_cov_4.708287	938	806.963	121	1239.92
NODE_21_length_908_cov_13.398857	908	776.963	337	3586.66
NODE_22_length_893_cov_4.558140	893	761.963	111	1204.62
NODE_23_length_887_cov_3.985948	887	755.963	96	1050.1
NODE_24_length_884_cov_2.310223	884	752.963	58	636.964
NODE_25_length_883_cov_5.422353	883	751.963	136	1495.56
NODE_26_length_845_cov_1.820197	845	713.963	44	509.61
NODE_27_length_844_cov_4.969174	844	712.963	116	1345.4
NODE_28_length_837_cov_14.550995	837	705.963	334	3912.24
NODE_29_length_835_cov_5.720698	835	703.963	146	1715
NODE_30_length_825_cov_3.960859	825	693.963	86	1024.76
NODE_31_length_823_cov_2.821519	823	691.963	64	764.817
NODE_32_length_820_cov_4.593393	820	688.963	104	1248.24
NODE_33_length_810_cov_8.665380	810	678.963	191	2326.2
NODE_34_length_796_cov_8.798165	796	664.963	194	2412.49
NODE_35_length_796_cov_8.217562	796	664.963	178	2213.52
NODE_36_length_786_cov_2.262948	786	654.963	55	694.395
NODE_37_length_769_cov_12.572011	769	637.963	277	3590.42
NODE_38_length_769_cov_6.346467	769	637.963	131	1697.99
NODE_39_length_768_cov_2.066667	768	636.963	46	597.179
NODE_40_length_767_cov_1.985014	767	635.963	42	546.107
NODE_41_length_742_cov_6.825106	742	610.963	137	1854.24
NODE_42_length_740_cov_13.101839	740	608.963	262	3557.71
NODE_43_length_730_cov_3.515065	730	598.963	69	952.598
NODE_44_length_723_cov_1.437681	723	591.963	29	405.102
NODE_45_length_716_cov_13.355783	716	584.963	189	2671.74
NODE_46_length_710_cov_9.316100	710	578.963	177	2528.03
NODE_47_length_704_cov_2.023845	704	572.963	38	548.425
NODE_48_length_704_cov_1.806259	704	572.963	33	476.264
NODE_49_length_702_cov_2.186846	702	570.963	42	608.278
NODE_50_length_697_cov_10.706325	697	565.963	200	2922.15
NODE_51_length_696_cov_5.998492	696	564.963	111	1624.66
NODE_52_length_691_cov_2.182371	691	559.963	43	634.994
NODE_53_length_686_cov_2.245023	686	554.963	44	655.615
NODE_54_length_681_cov_2.972222	681	549.963	56	842.006
NODE_55_length_679_cov_4.656347	679	547.963	86	1297.8
NODE_56_length_672_cov_6.339593	672	540.963	130	1987.18
NODE_57_length_669_cov_2.334906	669	537.963	43	660.962
NODE_58_length_666_cov_2.145340	666	534.963	40	618.297
NODE_59_length_662_cov_4.015898	662	530.963	73	1136.89
NODE_60_length_659_cov_8.771565	659	527.963	161	2521.64
NODE_61_length_657_cov_4.480769	657	525.963	86	1352.08
NODE_62_length_656_cov_12.664526	656	524.963	227	3575.67
NODE_63_length_653_cov_5.470968	653	521.963	98	1552.55
NODE_64_length_646_cov_5.871126	646	514.963	103	1653.95
NODE_65_length_646_cov_5.394780	646	514.963	104	1670.01
NODE_66_length_645_cov_3.014706	645	513.963	53	852.716
NODE_67_length_641_cov_6.626645	641	509.963	115	1864.75
NODE_68_length_640_cov_1.540362	640	508.963	30	487.411
NODE_69_length_637_cov_5.956954	637	505.963	105	1716.05
NODE_70_length_637_cov_2.253311	637	505.963	40	653.735
NODE_71_length_629_cov_5.483221	629	497.963	93	1544.35
NODE_72_length_625_cov_6.790541	625	493.963	112	1874.93
NODE_73_length_625_cov_3.479730	625	493.963	60	1004.42
NODE_74_length_617_cov_14.013699	617	485.963	227	3862.63
NODE_75_length_616_cov_1.878216	616	484.963	29	494.481
NODE_76_length_612_cov_1.490501	612	480.963	26	447.015
NODE_77_length_611_cov_3.614187	611	479.963	62	1068.18
NODE_78_length_606_cov_2.282723	606	474.963	43	748.633
NODE_79_length_602_cov_2.219684	602	470.963	36	632.086
NODE_80_length_594_cov_2.768271	594	462.963	53	946.651
NODE_81_length_587_cov_1.873646	587	455.963	32	580.338
NODE_82_length_583_cov_6.038182	583	451.963	94	1719.83
NODE_83_length_583_cov_3.567273	583	451.963	54	987.987
NODE_84_length_581_cov_9.947080	581	449.963	153	2811.74
NODE_85_length_578_cov_6.029358	578	446.963	91	1683.57
NODE_86_length_578_cov_2.618349	578	446.963	45	832.533
NODE_87_length_573_cov_11.962963	573	441.963	200	3742.01
NODE_88_length_572_cov_6.467532	572	440.963	98	1837.74
NODE_89_length_570_cov_2.411546	570	438.963	37	697.002
NODE_90_length_566_cov_2.202627	566	434.963	35	665.39
NODE_91_length_564_cov_2.184557	564	432.963	31	592.068
NODE_92_length_563_cov_3.245283	563	431.963	48	918.872
NODE_93_length_559_cov_6.093156	559	427.963	88	1700.34
NODE_94_length_557_cov_11.127863	557	425.963	166	3222.53
NODE_95_length_553_cov_3.734615	553	421.963	57	1117.02
NODE_96_length_548_cov_2.217476	548	416.963	34	674.282
NODE_97_length_547_cov_2.249027	547	415.963	38	755.422
NODE_98_length_543_cov_2.025490	543	411.963	32	642.321
NODE_99_length_542_cov_1.546169	542	410.963	26	523.156
NODE_100_length_540_cov_5.684418	540	408.963	83	1678.24
NODE_101_length_535_cov_1.994024	535	403.963	29	593.631
NODE_102_length_534_cov_9.744511	534	402.963	140	2872.92
NODE_103_length_534_cov_7.656687	534	402.963	111	2277.81
NODE_104_length_531_cov_4.869478	531	399.963	71	1467.91
NODE_105_length_527_cov_4.651822	527	395.963	65	1357.44
NODE_106_length_526_cov_8.283976	526	394.963	126	2638
NODE_107_length_525_cov_5.979675	525	393.963	86	1805.11
NODE_108_length_523_cov_14.704082	523	391.963	206	4345.93
NODE_109_length_523_cov_8.618367	523	391.963	124	2616
NODE_110_length_518_cov_24.202062	518	386.963	331	7073.25
NODE_111_length_516_cov_1.540373	516	384.963	21	451.087
NODE_112_length_505_cov_6.281780	505	373.963	87	1923.76
NODE_113_length_497_cov_11.640086	497	365.963	155	3502.31
NODE_114_length_493_cov_2.217391	493	361.963	30	685.358
NODE_115_length_492_cov_2.126362	492	360.963	34	778.891
NODE_116_length_490_cov_14.409190	490	358.963	185	4261.7
NODE_117_length_489_cov_8.572368	489	357.963	112	2587.26
NODE_118_length_488_cov_16.639560	488	356.963	216	5003.7
NODE_119_length_486_cov_1.710817	486	354.963	22	512.507
NODE_120_length_485_cov_14.515487	485	353.963	186	4345.26
NODE_121_length_477_cov_10.488739	477	345.999	134	3202.52
NODE_122_length_477_cov_8.988739	477	345.999	117	2796.23
NODE_123_length_473_cov_13.877273	473	341.999	173	4182.95
NODE_124_length_472_cov_12.141230	472	340.999	151	3661.72
NODE_125_length_470_cov_17.780320	470	338.999	224	5464
NODE_126_length_470_cov_2.542334	470	338.999	47	1146.46
NODE_127_length_466_cov_1.193995	466	334.999	16	394.946
NODE_128_length_465_cov_4.386574	465	333.999	54	1336.93
NODE_129_length_465_cov_1.525463	465	333.999	20	495.161
NODE_130_length_464_cov_1.939675	464	332.999	25	620.81
NODE_131_length_461_cov_1.492991	461	329.999	21	526.221
NODE_132_length_460_cov_2.100703	460	328.999	27	678.626
NODE_133_length_459_cov_14.000000	459	327.999	168	4235.44
NODE_134_length_459_cov_2.551643	459	327.999	35	882.382
NODE_135_length_457_cov_12.134434	457	326.031	146	3703.01
NODE_136_length_456_cov_5.848700	456	325.031	69	1755.43
NODE_137_length_456_cov_3.749409	456	325.031	47	1195.73
NODE_138_length_456_cov_2.687943	456	325.031	32	814.115
NODE_139_length_454_cov_6.270784	454	323.031	75	1919.89
NODE_140_length_453_cov_3.821429	453	322.031	48	1232.55
NODE_141_length_446_cov_11.215496	446	315.063	132	3464.47
NODE_142_length_445_cov_1.750000	445	314.063	21	552.921
NODE_143_length_443_cov_3.309756	443	312.063	43	1139.43
NODE_144_length_442_cov_5.334963	442	311.063	63	1674.76
NODE_145_length_442_cov_3.797066	442	311.063	44	1169.67
NODE_146_length_442_cov_2.283619	442	311.063	29	770.922
NODE_147_length_442_cov_1.569682	442	311.063	23	611.421
NODE_148_length_432_cov_1.373434	432	301.063	20	549.33
NODE_149_length_431_cov_1.575377	431	300.063	20	551.161
NODE_150_length_429_cov_2.679293	429	298.063	30	832.288
NODE_151_length_428_cov_8.853165	428	297.063	101	2811.47
NODE_152_length_427_cov_1.796954	427	296.063	19	530.677
NODE_153_length_427_cov_1.416244	427	296.063	16	446.886
NODE_154_length_425_cov_3.076531	425	294.063	36	1012.33
NODE_155_length_422_cov_8.226221	422	291.063	88	2500.09
NODE_156_length_420_cov_5.286822	420	289.063	60	1716.4
NODE_157_length_420_cov_4.304910	420	289.063	48	1373.12
NODE_158_length_419_cov_10.943005	419	288.063	120	3444.72
NODE_159_length_417_cov_4.664062	417	286.063	56	1618.78
NODE_160_length_415_cov_14.248691	415	284.063	155	4512.09
NODE_161_length_413_cov_1.439474	413	282.063	17	498.383
NODE_162_length_407_cov_2.184492	407	276.063	25	748.846
NODE_163_length_406_cov_3.198391	406	275.063	33	992.07
NODE_164_length_406_cov_1.812332	406	275.063	20	601.255
NODE_165_length_405_cov_2.102151	405	274.063	22	663.793
NODE_166_length_404_cov_5.115903	404	273.063	55	1665.56
NODE_167_length_404_cov_2.676550	404	273.063	31	938.771
NODE_168_length_403_cov_10.962162	403	272.063	115	3495.34
NODE_169_length_403_cov_3.083784	403	272.063	32	972.615
NODE_170_length_402_cov_1.387534	402	271.09	19	579.563
NODE_171_length_401_cov_1.945652	401	270.09	22	673.557
NODE_172_length_400_cov_3.267030	400	269.09	36	1106.28
NODE_173_length_399_cov_2.595628	399	268.09	28	863.65
NODE_174_length_399_cov_2.002732	399	268.09	22	678.582
NODE_175_length_398_cov_2.386301	398	267.09	27	835.924
NODE_176_length_397_cov_7.695055	397	266.09	82	2548.27
NODE_177_length_396_cov_10.707989	396	265.09	114	3556.08
NODE_178_length_394_cov_2.243767	394	263.09	23	722.909
NODE_179_length_393_cov_1.280556	393	262.09	14	441.711
NODE_180_length_392_cov_1.501393	392	261.09	16	506.746
NODE_181_length_389_cov_4.581461	389	258.09	47	1505.87
NODE_182_length_388_cov_7.960563	388	257.09	86	2766.14
NODE_183_length_385_cov_14.556818	385	254.09	147	4783.99
NODE_184_length_385_cov_13.909091	385	254.09	143	4653.81
NODE_185_length_384_cov_29.433048	384	253.09	292	9540.44
NODE_186_length_384_cov_2.247863	384	253.09	24	784.145
NODE_187_length_382_cov_15.567335	382	251.09	154	5071.68
NODE_188_length_382_cov_1.954155	382	251.09	20	658.66
NODE_189_length_380_cov_19.435159	380	249.115	173	5742.58
NODE_190_length_380_cov_1.855908	380	249.115	21	697.076
NODE_191_length_379_cov_3.754335	379	248.115	38	1266.46
NODE_192_length_379_cov_3.182081	379	248.115	33	1099.82
NODE_193_length_379_cov_1.708092	379	248.115	18	599.902
NODE_194_length_376_cov_18.795918	376	245.115	183	6173.65
NODE_195_length_376_cov_3.148688	376	245.115	33	1113.28
NODE_196_length_374_cov_9.108504	374	243.115	91	3095.21
NODE_197_length_373_cov_3.082353	373	242.115	31	1058.77
NODE_198_length_373_cov_2.511765	373	242.115	28	956.306
NODE_199_length_372_cov_4.348083	372	241.115	45	1543.29
NODE_200_length_371_cov_1.884615	371	240.115	23	792.08
NODE_201_length_370_cov_1.421365	370	239.115	16	553.317
NODE_202_length_369_cov_3.071429	369	238.115	31	1076.55
NODE_203_length_369_cov_1.854167	369	238.115	19	659.823
NODE_204_length_368_cov_1.791045	368	237.115	15	523.11
NODE_205_length_367_cov_0.991018	367	236.115	10	350.217
NODE_206_length_365_cov_16.253012	365	234.162	153	5403.01
NODE_207_length_364_cov_4.338369	364	233.162	41	1454.08
NODE_208_length_362_cov_2.841945	362	231.185	26	929.981
NODE_209_length_361_cov_1.500000	361	230.185	18	646.63
NODE_210_length_357_cov_15.771605	357	226.208	148	5410.21
NODE_211_length_356_cov_1.773994	356	225.208	19	697.638
NODE_212_length_353_cov_1.856250	353	222.208	17	632.63
NODE_213_length_351_cov_6.836478	351	220.23	61	2290.41
NODE_214_length_350_cov_6.940063	350	219.23	62	2338.58
NODE_215_length_350_cov_2.744479	350	219.23	27	1018.41
NODE_216_length_350_cov_2.211356	350	219.23	21	792.099
NODE_217_length_346_cov_6.357827	346	215.23	59	2266.78
NODE_218_length_346_cov_1.492013	346	215.23	14	537.88
NODE_219_length_345_cov_2.477564	345	214.23	23	887.785
NODE_220_length_344_cov_1.437299	344	213.23	12	465.365
NODE_221_length_343_cov_6.358065	343	212.251	57	2220.67
NODE_222_length_343_cov_5.125806	343	212.251	46	1792.12
NODE_223_length_343_cov_2.332258	343	212.251	26	1012.94
NODE_224_length_342_cov_2.980583	342	211.251	27	1056.88
NODE_225_length_341_cov_3.512987	341	210.273	31	1219.1
NODE_226_length_341_cov_1.396104	341	210.273	15	589.888
NODE_227_length_337_cov_4.654605	337	206.273	42	1683.72
NODE_228_length_337_cov_2.335526	337	206.273	20	801.769
NODE_229_length_337_cov_2.207237	337	206.273	23	922.035
NODE_230_length_336_cov_4.118812	336	205.273	35	1409.93
NODE_231_length_335_cov_4.764901	335	204.273	44	1781.16
NODE_232_length_334_cov_43.159468	334	203.273	371	15092.3
NODE_233_length_332_cov_1.615385	332	201.273	14	575.181
NODE_234_length_331_cov_1.802013	331	200.273	15	619.342
NODE_235_length_329_cov_19.462838	329	198.273	164	6839.78
NODE_236_length_329_cov_1.614865	329	198.273	13	542.178
NODE_237_length_328_cov_9.206780	328	197.273	72	3018.05
NODE_238_length_328_cov_1.610169	328	197.273	17	712.596
NODE_239_length_327_cov_1.452381	327	196.273	13	547.702
NODE_240_length_326_cov_3.740614	326	195.273	31	1312.75
NODE_241_length_325_cov_3.876712	325	194.273	29	1234.38
NODE_242_length_325_cov_3.794521	325	194.273	34	1447.2
NODE_243_length_324_cov_1.666667	324	193.273	15	641.774
NODE_244_length_323_cov_1.968966	323	192.273	16	688.119
NODE_245_length_322_cov_1.519031	322	191.273	22	951.11
NODE_246_length_320_cov_7.104530	320	189.273	60	2621.35
NODE_247_length_320_cov_5.770035	320	189.273	47	2053.39
NODE_248_length_320_cov_2.860627	320	189.273	23	1004.85
NODE_249_length_319_cov_1.758741	319	188.273	17	746.66
NODE_250_length_318_cov_2.484211	318	187.291	21	927.177
NODE_251_length_316_cov_1.925795	316	185.31	18	803.221
NODE_252_length_314_cov_2.516014	314	183.31	21	947.315
NODE_253_length_314_cov_1.092527	314	183.31	10	451.102
NODE_254_length_310_cov_3.166065	310	179.328	25	1152.8
NODE_255_length_310_cov_2.039711	310	179.328	17	783.903
NODE_256_length_309_cov_5.173913	309	178.346	50	2318.29
NODE_257_length_308_cov_1.741818	308	177.346	16	746.037
NODE_258_length_305_cov_5.926471	305	174.346	46	2181.76
NODE_259_length_305_cov_2.886029	305	174.346	22	1043.45
NODE_260_length_305_cov_1.845588	305	174.346	18	853.733
NODE_261_length_305_cov_1.562500	305	174.346	12	569.155
NODE_262_length_304_cov_2.047970	304	173.346	19	906.361
NODE_263_length_304_cov_1.830258	304	173.346	17	810.955
NODE_264_length_303_cov_1.833333	303	172.346	17	815.66
NODE_265_length_303_cov_1.525926	303	172.346	12	575.76
NODE_266_length_302_cov_2.654275	302	171.346	23	1109.98
NODE_267_length_302_cov_2.171004	302	171.346	15	723.901
NODE_268_length_300_cov_2.651685	300	169.397	19	927.491
NODE_269_length_300_cov_1.677903	300	169.397	15	732.23
NODE_270_length_300_cov_1.599251	300	169.397	14	683.414
NODE_271_length_299_cov_2.199248	299	168.397	18	883.893
NODE_272_length_298_cov_1.939623	298	167.413	16	790.297
NODE_273_length_297_cov_1.628788	297	166.413	14	695.665
NODE_274_length_296_cov_1.513308	296	165.413	13	649.88
NODE_275_length_294_cov_1.919540	294	163.463	16	809.398
NODE_276_length_292_cov_2.907336	292	161.463	28	1433.99
NODE_277_length_289_cov_1.539062	289	158.495	12	626.076
NODE_278_length_289_cov_1.531250	289	158.495	13	678.249
NODE_279_length_289_cov_1.308594	289	158.495	10	521.73
NODE_280_length_288_cov_2.254902	288	157.526	19	997.381
NODE_281_length_288_cov_1.603922	288	157.526	14	734.912
NODE_282_length_287_cov_5.622047	287	156.526	43	2271.65
NODE_283_length_286_cov_10.146245	286	155.542	72	3827.77
NODE_284_length_286_cov_1.577075	286	155.542	14	744.288
NODE_285_length_284_cov_2.135458	284	153.542	19	1023.26
NODE_286_length_284_cov_2.131474	284	153.542	16	861.695
NODE_287_length_282_cov_1.811245	282	151.557	18	982.102
NODE_288_length_282_cov_1.714859	282	151.557	17	927.541
NODE_289_length_281_cov_20.487903	281	150.557	144	7909
NODE_290_length_280_cov_1.728745	280	149.572	15	829.28
NODE_291_length_279_cov_29.971545	279	148.587	208	11575.6
NODE_292_length_279_cov_3.215447	279	148.587	23	1279.99
NODE_293_length_279_cov_1.776423	279	148.587	12	667.822
NODE_294_length_279_cov_1.646341	279	148.587	13	723.474
NODE_295_length_279_cov_1.227642	279	148.587	9	500.867
NODE_296_length_278_cov_1.840816	278	147.617	16	896.283
NODE_297_length_277_cov_1.258197	277	146.631	18	1015.09
NODE_298_length_276_cov_1.699588	276	145.631	14	794.939
NODE_299_length_272_cov_1.355649	272	141.703	9	525.199
NODE_300_length_271_cov_2.411765	271	140.717	16	940.228
NODE_301_length_270_cov_3.046414	270	139.731	21	1242.76
NODE_302_length_269_cov_1.313559	269	138.773	11	655.463
NODE_303_length_268_cov_6.446809	268	137.801	39	2340.31
NODE_304_length_268_cov_3.242553	268	137.801	24	1440.19
NODE_305_length_268_cov_2.991489	268	137.801	24	1440.19
NODE_306_length_268_cov_2.421277	268	137.801	17	1020.14
NODE_307_length_268_cov_1.425532	268	137.801	11	660.088
NODE_308_length_267_cov_2.786325	267	136.815	20	1208.81
NODE_309_length_267_cov_1.995726	267	136.815	15	906.609
NODE_310_length_267_cov_1.598291	267	136.815	11	664.846
NODE_311_length_266_cov_2.334764	266	135.828	18	1095.83
NODE_312_length_266_cov_2.270386	266	135.828	18	1095.83
NODE_313_length_266_cov_1.909871	266	135.828	14	852.313
NODE_314_length_265_cov_1.918103	265	134.855	14	858.462
NODE_315_length_265_cov_1.758621	265	134.855	12	735.824
NODE_316_length_264_cov_2.865801	264	133.869	24	1482.49
NODE_317_length_263_cov_3.060870	263	132.895	25	1555.57
NODE_318_length_263_cov_2.534783	263	132.895	19	1182.24
NODE_319_length_263_cov_2.021739	263	132.895	13	808.899
NODE_320_length_262_cov_6.222707	262	131.922	28	1755.1
NODE_321_length_262_cov_2.340611	262	131.922	16	1002.91
NODE_322_length_262_cov_1.414847	262	131.922	12	752.185
NODE_323_length_261_cov_2.122807	261	130.922	15	947.413
NODE_324_length_261_cov_1.557018	261	130.922	12	757.931
NODE_325_length_261_cov_1.245614	261	130.922	9	568.448
NODE_326_length_261_cov_1.184211	261	130.922	7	442.126
NODE_327_length_261_cov_1.162281	261	130.922	9	568.448
NODE_328_length_260_cov_5.140969	260	129.935	33	2100.14
NODE_329_length_260_cov_2.757709	260	129.935	19	1209.17
NODE_330_length_260_cov_1.643172	260	129.935	14	890.969
NODE_331_length_260_cov_1.414097	260	129.935	9	572.766
NODE_332_length_260_cov_1.013216	260	129.935	7	445.484
NODE_333_length_259_cov_5.575221	259	128.935	37	2372.97
NODE_334_length_259_cov_1.672566	259	128.935	12	769.611
NODE_335_length_259_cov_1.216814	259	128.935	9	577.208
NODE_336_length_258_cov_3.324444	258	127.935	22	1421.98
NODE_337_length_257_cov_3.580357	257	126.973	25	1628.13
NODE_338_length_257_cov_2.491071	257	126.973	19	1237.38
NODE_339_length_257_cov_2.232143	257	126.973	15	976.876
NODE_340_length_257_cov_2.049107	257	126.973	15	976.876
NODE_341_length_257_cov_1.906250	257	126.973	13	846.626
NODE_342_length_256_cov_1.286996	256	125.986	10	656.354
NODE_343_length_255_cov_1.211712	255	124.999	9	595.385
NODE_344_length_254_cov_1.656109	254	123.999	12	800.249
NODE_345_length_254_cov_1.257919	254	123.999	9	600.187
NODE_346_length_253_cov_2.090909	253	123.023	15	1008.24
NODE_347_length_252_cov_17.630137	252	122.023	109	7386.6
NODE_348_length_252_cov_8.634703	252	122.023	53	3591.65
NODE_349_length_252_cov_8.630137	252	122.023	47	3185.05
NODE_350_length_252_cov_1.301370	252	122.023	8	542.135
NODE_351_length_251_cov_1.600917	251	121.06	10	683.063
NODE_352_length_250_cov_2.271889	250	120.084	22	1514.95
NODE_353_length_250_cov_1.820276	250	120.084	11	757.475
NODE_354_length_249_cov_3.518519	249	119.108	22	1527.36
NODE_355_length_249_cov_2.300926	249	119.108	14	971.958
NODE_356_length_249_cov_2.148148	249	119.108	13	902.533
NODE_357_length_248_cov_1.502326	248	118.144	12	839.907
NODE_358_length_247_cov_1.261682	247	117.156	9	635.244
NODE_359_length_247_cov_1.004673	247	117.156	7	494.079
NODE_360_length_246_cov_1.596244	246	116.167	12	854.198
NODE_361_length_245_cov_3.575472	245	115.19	24	1722.88
NODE_362_length_245_cov_1.438679	245	115.19	10	717.867
NODE_363_length_245_cov_1.193396	245	115.19	9	646.081
NODE_364_length_244_cov_3.516588	244	114.202	21	1520.57
NODE_365_length_242_cov_1.966507	242	112.27	16	1178.46
NODE_366_length_242_cov_1.354067	242	112.27	10	736.54
NODE_367_length_241_cov_13.860577	241	111.304	84	6240.65
NODE_368_length_241_cov_4.697115	241	111.304	28	2080.22
NODE_369_length_241_cov_3.836538	241	111.304	23	1708.75
NODE_370_length_241_cov_2.134615	241	111.304	15	1114.4
NODE_371_length_241_cov_1.206731	241	111.304	7	520.054
NODE_372_length_241_cov_1.028846	241	111.304	6	445.761
NODE_373_length_240_cov_4.618357	240	110.326	27	2023.7
NODE_374_length_240_cov_2.797101	240	110.326	17	1274.18
NODE_375_length_240_cov_1.009662	240	110.326	7	524.663
NODE_376_length_239_cov_3.203883	239	109.348	20	1512.44
NODE_377_length_239_cov_2.140777	239	109.348	13	983.089
NODE_378_length_239_cov_1.543689	239	109.348	9	680.6
NODE_379_length_239_cov_1.383495	239	109.348	10	756.222
NODE_380_length_238_cov_2.239024	238	108.392	13	991.761
NODE_381_length_238_cov_2.092683	238	108.392	12	915.472
NODE_382_length_238_cov_1.482927	238	108.392	9	686.604
NODE_383_length_237_cov_2.034314	237	107.424	14	1077.67
NODE_384_length_237_cov_2.019608	237	107.424	12	923.717
NODE_385_length_237_cov_0.892157	237	107.424	6	461.858
NODE_386_length_236_cov_1.433498	236	106.424	10	776.997
NODE_387_length_236_cov_1.305419	236	106.424	11	854.697
NODE_388_length_236_cov_1.118227	236	106.424	8	621.598
NODE_389_length_234_cov_1.442786	234	104.542	8	632.794
NODE_390_length_234_cov_1.328358	234	104.542	7	553.694
NODE_391_length_233_cov_2.745000	233	103.583	16	1277.29
NODE_392_length_233_cov_1.675000	233	103.583	11	878.139
NODE_393_length_233_cov_0.955000	233	103.583	8	638.647
NODE_394_length_232_cov_0.783920	232	102.615	6	483.507
NODE_395_length_231_cov_1.520202	231	101.625	9	732.324
NODE_396_length_231_cov_1.267677	231	101.625	8	650.955
NODE_397_length_230_cov_1.827411	230	100.625	10	821.78
NODE_398_length_230_cov_1.700508	230	100.625	11	903.958
NODE_399_length_230_cov_1.639594	230	100.625	9	739.602
NODE_400_length_230_cov_1.532995	230	100.625	10	821.78
NODE_401_length_229_cov_2.081633	229	99.6954	15	1244.16
NODE_402_length_229_cov_2.005102	229	99.6954	11	912.385
NODE_403_length_229_cov_1.556122	229	99.6954	10	829.441
NODE_404_length_228_cov_3.364103	228	98.7955	19	1590.29
NODE_405_length_228_cov_1.943590	228	98.7955	12	1004.4
NODE_406_length_228_cov_1.379487	228	98.7955	7	585.898
NODE_407_length_227_cov_2.448454	227	97.845	13	1098.67
NODE_408_length_227_cov_1.969072	227	97.845	11	929.64
NODE_409_length_227_cov_1.922680	227	97.845	13	1098.67
NODE_410_length_226_cov_1.388601	226	96.8745	12	1024.31
NODE_411_length_226_cov_1.062176	226	96.8745	8	682.875
NODE_412_length_225_cov_4.078125	225	95.9134	25	2155.37
NODE_413_length_225_cov_2.229167	225	95.9134	15	1293.22
NODE_414_length_225_cov_1.572917	225	95.9134	10	862.147
NODE_415_length_224_cov_3.968586	224	94.9713	23	2002.61
NODE_416_length_224_cov_2.356021	224	94.9713	14	1218.98
NODE_417_length_224_cov_1.115183	224	94.9713	9	783.63
NODE_418_length_223_cov_1.778947	223	94.0094	11	967.569
NODE_419_length_223_cov_1.194737	223	94.0094	7	615.726
NODE_420_length_222_cov_1.714286	222	93.0662	9	799.671
NODE_421_length_222_cov_1.412698	222	93.0662	9	799.671
NODE_422_length_222_cov_1.280423	222	93.0662	8	710.819
NODE_423_length_221_cov_1.840426	221	92.1036	12	1077.37
NODE_424_length_221_cov_1.239362	221	92.1036	8	718.247
NODE_425_length_219_cov_2.666667	219	90.233	20	1832.84
NODE_426_length_219_cov_2.510753	219	90.233	14	1282.99
NODE_427_length_219_cov_1.731183	219	90.233	11	1008.06
NODE_428_length_219_cov_1.419355	219	90.233	9	824.78
NODE_429_length_219_cov_1.241935	219	90.233	6	549.853
NODE_430_length_218_cov_4.102703	218	89.2785	23	2130.31
NODE_431_length_218_cov_3.421622	218	89.2785	21	1945.06
NODE_432_length_218_cov_1.908108	218	89.2785	12	1111.46
NODE_433_length_217_cov_1.445652	217	88.3415	8	748.835
NODE_434_length_216_cov_12.420765	216	87.4128	43	4067.75
NODE_435_length_216_cov_3.748634	216	87.4128	20	1891.98
NODE_436_length_216_cov_1.174863	216	87.4128	7	662.192
NODE_437_length_215_cov_1.912088	215	86.4392	13	1243.64
NODE_438_length_215_cov_1.456044	215	86.4392	9	860.979
NODE_439_length_214_cov_5.872928	214	85.4916	30	2901.74
NODE_440_length_214_cov_4.220994	214	85.4916	21	2031.22
NODE_441_length_214_cov_3.729282	214	85.4916	21	2031.22
NODE_442_length_214_cov_2.541436	214	85.4916	13	1257.42
NODE_443_length_213_cov_4.672222	213	84.5175	24	2348.15
NODE_444_length_213_cov_4.505556	213	84.5175	24	2348.15
NODE_445_length_213_cov_1.788889	213	84.5175	9	880.556
NODE_446_length_213_cov_1.766667	213	84.5175	15	1467.59
NODE_447_length_213_cov_1.744444	213	84.5175	13	1271.91
NODE_448_length_213_cov_1.688889	213	84.5175	9	880.556
NODE_449_length_212_cov_2.111732	212	83.6029	12	1186.92
NODE_450_length_212_cov_1.865922	212	83.6029	14	1384.74
NODE_451_length_212_cov_1.279330	212	83.6029	8	791.279
NODE_452_length_212_cov_1.268156	212	83.6029	9	890.189
NODE_453_length_211_cov_3.573034	211	82.6536	12	1200.55
NODE_454_length_211_cov_2.179775	211	82.6536	12	1200.55
NODE_455_length_211_cov_1.466292	211	82.6536	9	900.412
NODE_456_length_210_cov_2.293785	210	81.7456	11	1112.73
NODE_457_length_210_cov_1.372881	210	81.7456	9	910.414
NODE_458_length_210_cov_1.220339	210	81.7456	8	809.257
NODE_459_length_210_cov_1.209040	210	81.7456	7	708.1
NODE_460_length_209_cov_2.045455	209	80.8119	14	1432.56
NODE_461_length_209_cov_1.528409	209	80.8119	5	511.63
NODE_462_length_209_cov_1.022727	209	80.8119	7	716.282
NODE_463_length_208_cov_2.194286	208	79.9102	11	1138.29
NODE_464_length_208_cov_1.920000	208	79.9102	10	1034.81
NODE_465_length_208_cov_1.108571	208	79.9102	6	620.883
NODE_466_length_207_cov_2.965517	207	79.0075	16	1674.61
NODE_467_length_207_cov_1.931034	207	79.0075	12	1255.95
NODE_468_length_207_cov_1.643678	207	79.0075	9	941.965
NODE_469_length_207_cov_1.511494	207	79.0075	9	941.965
NODE_470_length_207_cov_1.448276	207	79.0075	7	732.64
NODE_471_length_207_cov_1.402299	207	79.0075	7	732.64
NODE_472_length_206_cov_4.520231	206	78.0797	22	2329.94
NODE_473_length_205_cov_1.982558	205	77.1432	11	1179.11
NODE_474_length_205_cov_1.151163	205	77.1432	6	643.153
NODE_475_length_204_cov_2.146199	204	76.2846	11	1192.39
NODE_476_length_204_cov_1.643275	204	76.2846	8	867.189
NODE_477_length_203_cov_2.264706	203	75.3935	10	1096.8
NODE_478_length_202_cov_3.627219	202	74.5398	28	3106.21
NODE_479_length_202_cov_2.278107	202	74.5398	11	1220.3
NODE_480_length_202_cov_2.059172	202	74.5398	11	1220.3
NODE_481_length_202_cov_1.579882	202	74.5398	10	1109.36
NODE_482_length_202_cov_1.384615	202	74.5398	7	776.552
NODE_483_length_202_cov_1.272189	202	74.5398	8	887.488
NODE_484_length_202_cov_1.171598	202	74.5398	6	665.616
NODE_485_length_202_cov_1.165680	202	74.5398	8	887.488
NODE_486_length_201_cov_2.083333	201	73.6007	10	1123.51
NODE_487_length_201_cov_1.285714	201	73.6007	7	786.46
NODE_488_length_199_cov_1.596386	199	71.8029	8	921.316
NODE_489_length_199_cov_1.512048	199	71.8029	8	921.316
NODE_490_length_199_cov_1.367470	199	71.8029	7	806.152
NODE_491_length_198_cov_2.284848	198	70.9134	11	1282.7
NODE_492_length_198_cov_2.060606	198	70.9134	11	1282.7
NODE_493_length_198_cov_1.848485	198	70.9134	10	1166.09
NODE_494_length_198_cov_1.745455	198	70.9134	9	1049.48
NODE_495_length_198_cov_1.624242	198	70.9134	8	932.872
NODE_496_length_198_cov_1.418182	198	70.9134	7	816.263
NODE_497_length_197_cov_2.036585	197	70.0154	9	1062.94
NODE_498_length_197_cov_1.310976	197	70.0154	7	826.733
NODE_499_length_197_cov_1.304878	197	70.0154	6	708.628
NODE_500_length_196_cov_1.435583	196	69.1235	8	957.029
NODE_501_length_195_cov_3.604938	195	68.2731	15	1816.78
NODE_502_length_195_cov_1.876543	195	68.2731	7	847.831
NODE_503_length_195_cov_1.660494	195	68.2731	9	1090.07
NODE_504_length_195_cov_1.450617	195	68.2731	9	1090.07
NODE_505_length_195_cov_1.320988	195	68.2731	7	847.831
NODE_506_length_195_cov_0.882716	195	68.2731	8	968.95
NODE_507_length_194_cov_2.267081	194	67.407	12	1472.1
NODE_508_length_194_cov_1.894410	194	67.407	10	1226.75
NODE_509_length_193_cov_1.456250	193	66.5395	7	869.919
NODE_510_length_193_cov_1.337500	193	66.5395	6	745.645
NODE_511_length_193_cov_0.900000	193	66.5395	4	497.097
NODE_512_length_192_cov_1.767296	192	65.6567	10	1259.45
NODE_513_length_192_cov_1.566038	192	65.6567	10	1259.45
NODE_514_length_192_cov_1.276730	192	65.6567	9	1133.51
NODE_515_length_192_cov_1.238994	192	65.6567	7	881.616
NODE_516_length_192_cov_1.213836	192	65.6567	8	1007.56
NODE_517_length_192_cov_1.125786	192	65.6567	7	881.616
NODE_518_length_191_cov_2.037975	191	64.7862	9	1148.74
NODE_519_length_191_cov_1.588608	191	64.7862	9	1148.74
NODE_520_length_191_cov_1.518987	191	64.7862	9	1148.74
NODE_521_length_191_cov_1.139241	191	64.7862	7	893.462
NODE_522_length_190_cov_1.318471	190	63.921	10	1293.65
NODE_523_length_190_cov_1.025478	190	63.921	6	776.191
NODE_524_length_189_cov_2.512821	189	63.0409	12	1574.06
NODE_525_length_189_cov_2.025641	189	63.0409	10	1311.71
NODE_526_length_189_cov_1.711538	189	63.0409	8	1049.37
NODE_527_length_189_cov_1.384615	189	63.0409	7	918.199
NODE_528_length_189_cov_1.250000	189	63.0409	9	1180.54
NODE_529_length_189_cov_1.243590	189	63.0409	7	918.199
NODE_530_length_189_cov_0.923077	189	63.0409	5	655.856
NODE_531_length_188_cov_2.670968	188	62.1724	12	1596.04
NODE_532_length_188_cov_2.206452	188	62.1724	10	1330.03
NODE_533_length_188_cov_1.877419	188	62.1724	11	1463.04
NODE_534_length_188_cov_1.703226	188	62.1724	9	1197.03
NODE_535_length_188_cov_1.496774	188	62.1724	8	1064.03
NODE_536_length_187_cov_2.077922	187	61.3285	10	1348.34
NODE_537_length_187_cov_1.941558	187	61.3285	12	1618
NODE_538_length_187_cov_1.753247	187	61.3285	8	1078.67
NODE_539_length_187_cov_1.506494	187	61.3285	8	1078.67
NODE_540_length_187_cov_1.285714	187	61.3285	7	943.835
NODE_541_length_187_cov_1.149351	187	61.3285	7	943.835
NODE_542_length_187_cov_1.136364	187	61.3285	6	809.002
NODE_543_length_186_cov_1.052288	186	60.4764	5	683.667
NODE_544_length_185_cov_1.631579	185	59.5526	9	1249.69
NODE_545_length_185_cov_1.381579	185	59.5526	7	971.981
NODE_546_length_185_cov_1.157895	185	59.5526	6	833.127
NODE_547_length_185_cov_1.138158	185	59.5526	6	833.127
NODE_548_length_184_cov_3.695364	184	58.7218	16	2253.1
NODE_549_length_184_cov_2.907285	184	58.7218	12	1689.83
NODE_550_length_184_cov_2.715232	184	58.7218	12	1689.83
NODE_551_length_184_cov_2.105960	184	58.7218	9	1267.37
NODE_552_length_184_cov_2.013245	184	58.7218	9	1267.37
NODE_553_length_184_cov_1.860927	184	58.7218	10	1408.19
NODE_554_length_184_cov_1.788079	184	58.7218	9	1267.37
NODE_555_length_184_cov_1.503311	184	58.7218	8	1126.55
NODE_556_length_184_cov_1.390728	184	58.7218	7	985.733
NODE_557_length_165_cov_1.772727	165	43.4551	7	1332.04
NODE_558_length_152_cov_13.621849	152	34.0636	17	4126.86
NODE_559_length_143_cov_17.063636	143	28.1643	21	6165.67
NODE_560_length_139_cov_1.622642	139	25.6666	7	2255.23
NODE_561_length_99_cov_1.469697	99	9.98918	5	4139.05
NODE_562_length_90_cov_9.526316	90	9.01222	12	11010.6
NODE_563_length_87_cov_2.777778	87	8.89685	7	6506.13
NODE_564_length_84_cov_457.745098	84	8.91393	66	61225.9
NODE_565_length_75_cov_0.785714	75	10.9474	1	755.355
NODE_566_length_72_cov_0.897436	72	12.2353	2	1351.69
NODE_567_length_72_cov_0.871795	72	12.2353	2	1351.69
NODE_568_length_69_cov_2.583333	69	14.1429	7	4092.81
NODE_569_length_66_cov_170.575758	66	14.25	53	30755.4
NODE_570_length_60_cov_209.481481	60	14.6667	10	5638.06
NODE_571_length_60_cov_1.185185	60	14.6667	1	563.806
NODE_572_length_57_cov_1.333333	57	16.6923	1	495.387
NODE_573_length_54_cov_0.857143	54	18.4	1	449.41
NODE_574_length_51_cov_26.777778	51	15.4	6.1778	3317.22
NODE_575_length_51_cov_3.000000	51	15.4	3	1610.87
NODE_576_length_51_cov_1.944444	51	15.4	2	1073.92
NODE_577_length_49_cov_358.062500	49	15	10	5512.77
NODE_578_length_48_cov_129.466667	48	15.75	1	525.025
NODE_579_length_46_cov_337.461538	46	15.7143	7	3683.53
NODE_580_length_45_cov_3.833333	45	14.7143	3	1685.94
NODE_581_length_45_cov_1.666667	45	14.7143	2	1123.96
NODE_582_length_45_cov_1.000000	45	14.7143	0	0
NODE_583_length_42_cov_6.444444	42	14	4	2362.61
NODE_584_length_42_cov_2.000000	42	14	1	590.653
NODE_585_length_42_cov_1.111111	42	14	0	0
NODE_586_length_39_cov_27.333333	39	11	0	0
NODE_587_length_39_cov_21.000000	39	11	0	0
NODE_588_length_39_cov_16.333333	39	11	3	2255.22
NODE_589_length_39_cov_8.333333	39	11	0	0
NODE_590_length_39_cov_3.666667	39	11	2	1503.48
NODE_591_length_39_cov_1.333333	39	11	1	751.741
NODE_592_length_38_cov_486.000000	38	10	0	0
NODE_593_length_38_cov_469.600000	38	10	8.49379	7023.64
NODE_594_length_38_cov_18.000000	38	10	0	0
NODE_595_length_38_cov_16.400000	38	10	0	0
NODE_596_length_38_cov_15.000000	38	10	0	0
NODE_597_length_38_cov_15.000000	38	10	0	0
NODE_598_length_38_cov_12.000000	38	10	0	0
NODE_599_length_38_cov_6.600000	38	10	0	0
NODE_600_length_38_cov_6.000000	38	10	0	0
NODE_601_length_38_cov_4.000000	38	10	0	0
NODE_602_length_38_cov_4.000000	38	10	0	0
NODE_603_length_37_cov_603.750000	37	9	0	0
NODE_604_length_37_cov_182.000000	37	9	0	0
NODE_605_length_37_cov_12.000000	37	9	0	0
NODE_606_length_37_cov_5.000000	37	9	0	0
NODE_607_length_37_cov_4.000000	37	9	0	0
NODE_608_length_37_cov_4.000000	37	9	0	0
NODE_609_length_36_cov_374.666667	36	8	0	0
NODE_610_length_36_cov_95.666667	36	8	0	0
NODE_611_length_36_cov_87.000000	36	8	0	0
NODE_612_length_36_cov_57.666667	36	8	0	0
NODE_613_length_36_cov_21.333333	36	8	0	0
NODE_614_length_36_cov_14.000000	36	8	0	0
NODE_615_length_36_cov_10.000000	36	8	0	0
NODE_616_length_36_cov_1.666667	36	8	2	2067.29
NODE_617_length_35_cov_2304.500000	35	7	1	1181.31
NODE_618_length_35_cov_1930.500000	35	7	0	0
NODE_619_length_35_cov_113.000000	35	7	0	0
NODE_620_length_35_cov_101.000000	35	7	0	0
NODE_621_length_35_cov_68.000000	35	7	0	0
NODE_622_length_35_cov_12.000000	35	7	1	1181.31
NODE_623_length_34_cov_2901.000000	34	7.2	13.5085	15514.4
NODE_624_length_34_cov_1951.000000	34	7.2	0	0
NODE_625_length_34_cov_678.000000	34	7.2	11.8199	13575.1
NODE_626_length_34_cov_619.000000	34	7.2	0	0
NODE_627_length_34_cov_476.000000	34	7.2	0	0
NODE_628_length_34_cov_188.000000	34	7.2	0	0
NODE_629_length_34_cov_127.000000	34	7.2	2	2296.99
NODE_630_length_34_cov_119.000000	34	7.2	1	1148.49
NODE_631_length_34_cov_79.000000	34	7.2	0	0
NODE_632_length_34_cov_49.000000	34	7.2	1	1148.49
NODE_633_length_34_cov_23.000000	34	7.2	0	0
NODE_634_length_34_cov_21.000000	34	7.2	0	0
NODE_635_length_34_cov_21.000000	34	7.2	0	0
NODE_636_length_34_cov_14.000000	34	7.2	0	0
NODE_637_length_34_cov_1.000000	34	7.2	0	0
